date,symbol,reportedCurrency,cik,filingDate,acceptedDate,fiscalYear,period,netIncome,depreciationAndAmortization,deferredIncomeTax,stockBasedCompensation,changeInWorkingCapital,accountsReceivables,inventory,accountsPayables,otherWorkingCapital,otherNonCashItems,netCashProvidedByOperatingActivities,investmentsInPropertyPlantAndEquipment,acquisitionsNet,purchasesOfInvestments,salesMaturitiesOfInvestments,otherInvestingActivities,netCashProvidedByInvestingActivities,netDebtIssuance,longTermNetDebtIssuance,shortTermNetDebtIssuance,netStockIssuance,netCommonStockIssuance,commonStockIssuance,commonStockRepurchased,netPreferredStockIssuance,netDividendsPaid,commonDividendsPaid,preferredDividendsPaid,otherFinancingActivities,netCashProvidedByFinancingActivities,effectOfForexChangesOnCash,netChangeInCash,cashAtEndOfPeriod,cashAtBeginningOfPeriod,operatingCashFlow,capitalExpenditure,freeCashFlow,incomeTaxesPaid,interestPaid,endpoint
2025-09-27,AAPL,USD,0000320193,2025-10-31,2025-10-31 06:01:26,2025,FY,112010000000,11698000000,0,12863000000,-25000000000,-7029000000,1400000000,902000000,-20273000000,-89000000,111482000000,-12715000000,0,-24407000000,53797000000,-1480000000,15195000000,-8483000000,-6451000000,-2032000000,-90711000000,-90711000000,0,-90711000000,0,-15421000000,-15421000000,0,-6071000000,-120686000000,0,5991000000,35934000000,29943000000,111482000000,-12715000000,98767000000,43369000000,0,cash-flow-statement
2024-09-28,AAPL,USD,0000320193,2024-11-01,2024-11-01 06:01:36,2024,FY,93736000000,11445000000,0,11688000000,3651000000,-5144000000,-1046000000,6020000000,3821000000,-2266000000,118254000000,-9447000000,0,-48656000000,62346000000,-1308000000,2935000000,-5998000000,-9958000000,3960000000,-94949000000,-94949000000,0,-94949000000,0,-15234000000,-15234000000,0,-5802000000,-121983000000,0,-794000000,29943000000,30737000000,118254000000,-9447000000,108807000000,26102000000,0,cash-flow-statement
2023-09-30,AAPL,USD,0000320193,2023-11-03,2023-11-02 18:08:27,2023,FY,96995000000,11519000000,0,10833000000,-6577000000,-417000000,-1618000000,-1889000000,-2653000000,-2227000000,110543000000,-10959000000,0,-29513000000,45514000000,-1337000000,3705000000,-9901000000,-5923000000,-3978000000,-77550000000,-77550000000,0,-77550000000,0,-15025000000,-15025000000,0,-6012000000,-108488000000,0,5760000000,30737000000,24977000000,110543000000,-10959000000,99584000000,18679000000,3803000000,cash-flow-statement
2022-09-24,AAPL,USD,0000320193,2022-10-28,2022-10-27 18:01:14,2022,FY,99803000000,11104000000,895000000,9038000000,1200000000,-9343000000,1484000000,9448000000,-389000000,111000000,122151000000,-10708000000,-306000000,-76923000000,67363000000,-1780000000,-22354000000,-123000000,-4078000000,3955000000,-89402000000,-89402000000,0,-89402000000,0,-14841000000,-14841000000,0,-6383000000,-110749000000,0,-10952000000,24977000000,35929000000,122151000000,-10708000000,111443000000,19573000000,2865000000,cash-flow-statement
2021-09-25,AAPL,USD,0000320193,2021-10-29,2021-10-28 18:04:28,2021,FY,94680000000,11284000000,-4774000000,7906000000,-4911000000,-14028000000,-2642000000,12326000000,-567000000,-147000000,104038000000,-11085000000,-33000000,-109558000000,106483000000,-352000000,-14545000000,12665000000,11643000000,1022000000,-84866000000,-84866000000,1105000000,-85971000000,0,-14467000000,-14467000000,0,-6685000000,-93353000000,0,-3860000000,35929000000,39789000000,104038000000,-11085000000,92953000000,25385000000,2687000000,cash-flow-statement
2025-06-30,MSFT,USD,0000789019,2025-07-30,2025-07-30 16:11:40,2025,FY,101832000000,34153000000,-7056000000,11974000000,-5350000000,-10581000000,309000000,569000000,4353000000,609000000,136162000000,-64551000000,-5978000000,-29775000000,25388000000,2317000000,-72599000000,-8962000000,-3216000000,-5746000000,-16364000000,-16364000000,2056000000,-18420000000,0,-24082000000,-24082000000,0,-2291000000,-51699000000,63000000,11927000000,30242000000,18315000000,136162000000,-64551000000,71611000000,0,0,cash-flow-statement
2024-06-30,MSFT,USD,0000789019,2024-07-30,2024-07-30 16:06:22,2024,FY,88136000000,22287000000,-4738000000,10734000000,1824000000,-7191000000,1284000000,3545000000,4186000000,305000000,118548000000,-44477000000,-69132000000,-17732000000,35669000000,-1298000000,-96970000000,575000000,-4675000000,5250000000,-15252000000,-15252000000,2002000000,-17254000000,0,-21771000000,-21771000000,0,-1309000000,-37757000000,-210000000,-16389000000,18315000000,34704000000,118548000000,-44477000000,74071000000,0,0,cash-flow-statement
2023-06-30,MSFT,USD,0000789019,2023-07-27,2023-07-27 16:01:56,2023,FY,72361000000,13861000000,-6059000000,9611000000,-2388000000,-4087000000,1242000000,-2721000000,3178000000,196000000,87582000000,-28107000000,-1670000000,-37651000000,47864000000,-3116000000,-22680000000,-2750000000,-2750000000,0,-20379000000,-20379000000,1866000000,-22245000000,0,-19800000000,-19800000000,0,-1006000000,-43935000000,-194000000,20773000000,34704000000,13931000000,87582000000,-28107000000,59475000000,0,0,cash-flow-statement
2022-06-30,MSFT,USD,0000789019,2022-07-28,2022-07-28 16:06:19,2022,FY,72738000000,14460000000,-5702000000,7502000000,446000000,-6834000000,-1123000000,2943000000,5460000000,-409000000,89035000000,-23886000000,-22038000000,-26456000000,44894000000,-2825000000,-30311000000,-9023000000,-9023000000,0,-30855000000,-30855000000,1841000000,-32696000000,0,-18135000000,-18135000000,0,-863000000,-58876000000,-141000000,-293000000,13931000000,14224000000,89035000000,-23886000000,65149000000,0,0,cash-flow-statement
2021-06-30,MSFT,USD,0000789019,2021-07-29,2021-07-29 16:21:55,2021,FY,61271000000,11686000000,-150000000,6118000000,-936000000,-6481000000,-737000000,2798000000,3484000000,-1249000000,76740000000,-20622000000,-8909000000,-62924000000,65800000000,-922000000,-27577000000,-3750000000,-3750000000,0,-25692000000,-25692000000,1693000000,-27385000000,0,-16521000000,-16521000000,0,-2523000000,-48486000000,-29000000,648000000,14224000000,13576000000,76740000000,-20622000000,56118000000,0,0,cash-flow-statement
2025-12-31,GOOGL,USD,0001652044,2026-02-05,2026-02-04 21:56:03,2025,FY,132170000000,21136000000,8348000000,24953000000,17565000000,948000000,0,-132000000,16749000000,-39459000000,164713000000,-91447000000,-1592000000,-109489000000,84607000000,-2370000000,-120291000000,32137000000,32137000000,0,-45709000000,-45709000000,0,-45709000000,0,-10049000000,-10049000000,0,-13767000000,-37388000000,208000000,7242000000,30708000000,23466000000,164713000000,-91447000000,73266000000,0,0,cash-flow-statement
2024-12-31,GOOGL,USD,0001652044,2025-02-05,2025-02-04 20:41:40,2024,FY,100118000000,15311000000,-5257000000,22785000000,-8406000000,-5891000000,0,359000000,-2874000000,748000000,125299000000,-52535000000,-2931000000,-91713000000,104310000000,-2667000000,-45536000000,888000000,888000000,0,-62222000000,-62222000000,0,-62222000000,0,-7363000000,-7363000000,0,-11036000000,-79733000000,-612000000,-582000000,23466000000,24048000000,125299000000,-52535000000,72764000000,0,0,cash-flow-statement
2023-12-31,GOOGL,USD,0001652044,2024-01-31,2024-01-30 21:43:43,2023,FY,73795000000,11946000000,-7763000000,22460000000,-3845000000,-7833000000,0,664000000,3324000000,5153000000,101746000000,-32251000000,-495000000,-80885000000,87619000000,-1051000000,-27063000000,-760000000,-760000000,0,-61504000000,-61504000000,0,-61504000000,0,0,0,0,-9829000000,-72093000000,-421000000,2169000000,24048000000,21879000000,101746000000,-32251000000,69495000000,19164000000,0,cash-flow-statement
2022-12-31,GOOGL,USD,0001652044,2023-02-03,2023-02-02 21:23:45,2022,FY,59972000000,15928000000,-8081000000,19362000000,-2235000000,-2317000000,0,707000000,-625000000,6549000000,91495000000,-31485000000,-6969000000,-81405000000,97972000000,1589000000,-20298000000,-1196000000,-1196000000,0,-59296000000,-59296000000,0,-59296000000,0,0,0,0,-9265000000,-69757000000,-506000000,934000000,21879000000,20945000000,91495000000,-31485000000,60010000000,18892000000,0,cash-flow-statement
2021-12-31,GOOGL,USD,0001652044,2022-02-02,2022-02-01 21:08:02,2021,FY,76033000000,12441000000,1808000000,15376000000,-1523000000,-9095000000,0,283000000,7289000000,-12483000000,91652000000,-24640000000,-2618000000,-138034000000,129228000000,541000000,-35523000000,-1236000000,-1236000000,0,-50274000000,-50274000000,0,-50274000000,0,0,0,0,-9852000000,-61362000000,-287000000,-5520000000,20945000000,26465000000,91652000000,-24640000000,67012000000,13412000000,0,cash-flow-statement
2025-12-31,AMZN,USD,0001018724,2026-02-06,2026-02-05 18:44:31,2025,FY,77670000000,65756000000,11470000000,19467000000,-19969000000,-7333000000,-3002000000,11231000000,-20865000000,-14880000000,139514000000,-131819000000,-3841000000,-54770000000,44386000000,3499000000,-142545000000,10180000000,9286000000,894000000,0,0,0,0,0,0,0,0,-519000000,9661000000,1164000000,7794000000,90106000000,82312000000,139514000000,-131819000000,7695000000,8295000000,1949000000,cash-flow-statement
2024-12-31,AMZN,USD,0001018724,2025-02-07,2025-02-06 18:40:29,2024,FY,59248000000,52795000000,-4648000000,22011000000,-15541000000,-3249000000,-1884000000,2972000000,-13380000000,2012000000,115877000000,-82999000000,-7082000000,-26005000000,16403000000,5341000000,-94342000000,-11812000000,-11894000000,82000000,0,0,0,0,0,0,0,0,0,-11812000000,-1301000000,8422000000,82312000000,73890000000,115877000000,-82999000000,32878000000,12308000000,2364000000,cash-flow-statement
2023-12-31,AMZN,USD,0001018724,2024-02-02,2024-02-01 18:48:30,2023,FY,30425000000,48663000000,-5876000000,24023000000,-11541000000,-8348000000,1449000000,5473000000,-10115000000,-748000000,84946000000,-52729000000,-5839000000,-1488000000,5627000000,4596000000,-49833000000,-15879000000,-8331000000,-7548000000,0,0,0,0,0,0,0,0,0,-15879000000,403000000,19637000000,73890000000,54253000000,84946000000,-52729000000,32217000000,11179000000,3112000000,cash-flow-statement
2022-12-31,AMZN,USD,0001018724,2023-02-03,2023-02-02 18:27:34,2022,FY,-2722000000,41921000000,-8148000000,19621000000,-20886000000,-8622000000,-2592000000,2945000000,-12617000000,16966000000,46752000000,-63645000000,-8316000000,-2565000000,31601000000,5324000000,-37601000000,15718000000,11719000000,3999000000,-6000000000,-6000000000,0,-6000000000,0,0,0,0,0,9718000000,-1093000000,17776000000,54253000000,36477000000,46752000000,-63645000000,-16893000000,6035000000,2142000000,cash-flow-statement
2021-12-31,AMZN,USD,0001018724,2022-02-04,2022-02-03 18:46:51,2021,FY,33364000000,34296000000,-310000000,12757000000,-19611000000,-9145000000,-9487000000,3602000000,-4581000000,-14169000000,46327000000,-61053000000,-1985000000,-60157000000,59384000000,5657000000,-58154000000,6291000000,6088000000,203000000,0,0,0,0,0,0,0,0,0,6291000000,-364000000,-5900000000,36477000000,42377000000,46327000000,-61053000000,-14726000000,3688000000,1772000000,cash-flow-statement
2025-12-31,META,USD,0001326801,2026-01-29,2026-01-28 19:13:46,2025,FY,60458000000,18616000000,18738000000,20427000000,-885000000,-1815000000,0,-14000000,944000000,-1554000000,115800000000,-69691000000,-4231000000,-55259000000,29428000000,-2250000000,-102003000000,27382000000,27382000000,0,-26248000000,-26248000000,0,-26248000000,0,-5324000000,-5324000000,0,-16180000000,-20370000000,235000000,-6338000000,39100000000,45438000000,115800000000,-69691000000,46109000000,7578000000,0,cash-flow-statement
2024-12-31,META,USD,0001326801,2025-01-30,2025-01-29 20:00:50,2024,FY,62360000000,15498000000,-4738000000,16690000000,1048000000,-1485000000,0,373000000,2160000000,470000000,91328000000,-37256000000,-270000000,-25542000000,15789000000,129000000,-47150000000,8463000000,8463000000,0,-30125000000,-30125000000,0,-30125000000,0,-5072000000,-5072000000,0,-14047000000,-40781000000,-786000000,2611000000,45438000000,42827000000,91328000000,-37256000000,54072000000,10554000000,486000000,cash-flow-statement
2023-12-31,META,USD,0001326801,2024-02-02,2024-02-01 19:39:02,2023,FY,39098000000,11178000000,131000000,14027000000,3836000000,-2399000000,0,51000000,6184000000,2843000000,71113000000,-27266000000,-629000000,-2982000000,6184000000,198000000,-24495000000,7397000000,7397000000,0,-26786000000,-19774000000,0,-19774000000,-7012000000,0,0,0,-111000000,-19500000000,113000000,27231000000,42827000000,15596000000,71113000000,-27266000000,43847000000,6607000000,448000000,cash-flow-statement
2022-12-31,META,USD,0001326801,2023-02-02,2023-02-01 20:26:31,2022,FY,23200000000,8686000000,-3286000000,11992000000,5683000000,231000000,0,210000000,5242000000,4200000000,50475000000,-31431000000,-1312000000,-9631000000,13158000000,246000000,-28970000000,9071000000,9071000000,0,-31551000000,-27956000000,0,-27956000000,-3595000000,0,0,0,344000000,-22136000000,-638000000,-1269000000,15596000000,16865000000,50475000000,-31431000000,19044000000,6407000000,0,cash-flow-statement
2021-12-31,META,USD,0001326801,2022-02-03,2022-02-02 21:11:04,2021,FY,39370000000,7967000000,609000000,9164000000,700000000,-3110000000,0,1436000000,2374000000,-127000000,57683000000,-18567000000,-898000000,-30407000000,42586000000,-284000000,-7570000000,-663000000,-677000000,14000000,-44537000000,-44537000000,0,-44537000000,0,0,0,0,-5528000000,-50728000000,-474000000,-1089000000,16865000000,17954000000,57683000000,-18567000000,39116000000,8525000000,0,cash-flow-statement
2026-01-25,NVDA,USD,0001045810,2026-02-25,2026-02-25 16:42:19,2026,FY,120067000000,2843000000,-1424000000,6386000000,-15949000000,-15399000000,-11324000000,3096000000,7678000000,-9205000000,102718000000,-6042000000,-1535000000,-58118000000,26467000000,-13000000000,-52228000000,0,0,0,-40086000000,-40086000000,0,-40086000000,0,-974000000,-974000000,0,-7414000000,-48474000000,0,2016000000,10605000000,8589000000,102718000000,-6042000000,96676000000,0,0,cash-flow-statement
2025-01-26,NVDA,USD,0001045810,2025-02-26,2025-02-26 16:48:33,2025,FY,72880000000,1864000000,-4477000000,4737000000,-9383000000,-13063000000,-4781000000,3357000000,5104000000,-1532000000,64089000000,-3236000000,-1007000000,-28061000000,11861000000,22000000,-20421000000,-1250000000,-1250000000,0,-33706000000,-33706000000,0,-33706000000,0,-834000000,-834000000,0,-6569000000,-42359000000,0,1309000000,8589000000,7280000000,64089000000,-3236000000,60853000000,15118000000,246000000,cash-flow-statement
2024-01-28,NVDA,USD,0001045810,2024-02-21,2024-02-21 16:36:57,2024,FY,29760000000,1508000000,-2489000000,3549000000,-3722000000,-6172000000,-98000000,1531000000,1017000000,-516000000,28090000000,-1069000000,-83000000,-19073000000,9783000000,-124000000,-10566000000,-1250000000,-1250000000,0,-9533000000,-9533000000,0,-9533000000,0,-395000000,-395000000,0,-2455000000,-13633000000,0,3891000000,7280000000,3389000000,28090000000,-1069000000,27021000000,6549000000,252000000,cash-flow-statement
2023-01-29,NVDA,USD,0001045810,2023-02-24,2023-02-24 17:23:43,2023,FY,4368000000,1544000000,-2164000000,2709000000,-2207000000,822000000,-2554000000,-551000000,76000000,1391000000,5641000000,-1833000000,-49000000,-11982000000,21239000000,0,7375000000,0,0,0,-10039000000,-10039000000,0,-10039000000,0,-398000000,-398000000,0,-1180000000,-11617000000,0,1399000000,3389000000,1990000000,5641000000,-1833000000,3808000000,1404000000,254000000,cash-flow-statement
2022-01-30,NVDA,USD,0001045810,2022-03-18,2022-03-17 20:33:34,2022,FY,9752000000,1174000000,-406000000,2004000000,-3363000000,-2215000000,-774000000,568000000,-942000000,-53000000,9108000000,-976000000,-263000000,-24811000000,16220000000,0,-9830000000,3977000000,3977000000,0,281000000,281000000,281000000,0,0,-399000000,-399000000,0,-1994000000,1865000000,0,1143000000,1990000000,847000000,9108000000,-976000000,8132000000,396000000,246000000,cash-flow-statement
2025-12-31,TSLA,USD,0001318605,2026-01-29,2026-01-28 20:55:03,2025,FY,3855000000,6148000000,123000000,2825000000,642000000,-261000000,-630000000,4376000000,-2843000000,1154000000,14747000000,-8527000000,0,-37109000000,30158000000,0,-15478000000,-3158000000,-3158000000,0,222000000,222000000,222000000,0,0,0,0,0,4075000000,1139000000,171000000,579000000,17616000000,17037000000,14747000000,-8527000000,6220000000,0,0,cash-flow-statement
2024-12-31,TSLA,USD,0001318605,2025-01-30,2025-01-29 20:42:33,2024,FY,7130000000,5368000000,477000000,1999000000,81000000,-1083000000,937000000,3588000000,-3361000000,-155000000,14923000000,-11342000000,0,-35955000000,28510000000,0,-18787000000,2863000000,2863000000,0,1241000000,1241000000,1241000000,0,0,0,0,0,-251000000,3853000000,-141000000,-152000000,17037000000,17189000000,14923000000,-11342000000,3581000000,1331000000,277000000,cash-flow-statement
2023-12-31,TSLA,USD,0001318605,2024-01-29,2024-01-26 21:00:20,2023,FY,14999000000,4667000000,-6349000000,1812000000,-2248000000,-586000000,-1195000000,2605000000,-3072000000,400000000,13256000000,-8899000000,-64000000,-19112000000,12491000000,0,-15584000000,2116000000,2116000000,0,700000000,700000000,700000000,0,0,0,0,0,-227000000,2589000000,4000000,265000000,17189000000,16924000000,13256000000,-8899000000,4357000000,1119000000,126000000,cash-flow-statement
2022-12-31,TSLA,USD,0001318605,2023-01-31,2023-01-30 21:29:15,2022,FY,12583000000,3543000000,0,1560000000,-3712000000,-1124000000,-6465000000,6029000000,-2152000000,777000000,14724000000,-7163000000,0,-5835000000,22000000,1003000000,-11973000000,-3866000000,-3866000000,0,541000000,541000000,541000000,0,0,0,0,0,-202000000,-3527000000,-444000000,-1220000000,16924000000,18144000000,14724000000,-7172000000,7552000000,1203000000,152000000,cash-flow-statement
2021-12-31,TSLA,USD,0001318605,2022-02-07,2022-02-04 20:11:27,2021,FY,5519000000,2911000000,-149000000,2121000000,667000000,-130000000,-1709000000,4578000000,-2072000000,428000000,11497000000,-6514000000,0,-132000000,0,-1222000000,-7868000000,-5732000000,-5732000000,0,707000000,707000000,707000000,0,0,0,0,0,-178000000,-5203000000,-183000000,-1757000000,18144000000,19901000000,11497000000,-8014000000,3483000000,561000000,266000000,cash-flow-statement
2025-12-31,NFLX,USD,0001065280,2026-01-23,2026-01-23 16:06:33,2025,FY,10981201000,16755555000,-442056000,368449000,-456220000,0,0,-8039000,-448181000,-17057656000,10149273000,-688220000,-17194000,-169965000,1917067000,0,1041688000,-1833450000,-1833450000,0,-8460202000,-8460202000,666965000,-9127167000,0,0,0,0,-51971000,-10345623000,386519000,1231857000,9039194000,7807337000,10149273000,-688220000,9461053000,0,0,cash-flow-statement
2024-12-31,NFLX,USD,0001065280,2025-01-27,2025-01-27 16:01:56,2024,FY,8711631000,15630431000,-590698000,272588000,-33075000,0,0,121353000,-154428000,-16629513000,7361364000,-439538000,0,-1742246000,0,0,-2181784000,1394460000,1394460000,0,-5430859000,-5430859000,832887000,-6263746000,0,0,0,0,-38028000,-4074427000,-416331000,688822000,7807337000,7118515000,7361364000,-439538000,6921826000,1641530000,674502000,cash-flow-statement
2023-12-31,NFLX,USD,0001065280,2024-01-26,2024-01-26 16:01:56,2023,FY,5407990000,14554384000,-459359000,339368000,-116148000,0,0,93502000,-209650000,-12451934000,7274301000,-348552000,0,-504862000,1395165000,0,541751000,0,0,0,-5875357000,-5875357000,169990000,-6045347000,0,0,0,0,-75446000,-5950803000,82684000,1947933000,7118515000,5170582000,7274301000,-348552000,6925749000,1154973000,684504000,cash-flow-statement
2022-12-31,NFLX,USD,0001065280,2023-01-26,2023-01-26 16:03:50,2022,FY,4491924000,14362814000,-166550000,575452000,-758087000,0,0,-158543000,-599544000,-16479296000,2026257000,-407729000,-757387000,-911276000,757387000,-757387000,-2076392000,-700000000,-700000000,0,35746000,35746000,35746000,0,0,0,0,0,0,-664254000,-170140000,-884529000,5170582000,6055111000,2026257000,-407729000,1618528000,811720000,701693000,cash-flow-statement
2021-12-31,NFLX,USD,0001065280,2022-01-27,2022-01-27 17:03:33,2021,FY,5116228000,12438779000,199548000,403220000,-241977000,0,0,145115000,-387092000,-17523188000,392610000,-524585000,-788349000,0,0,-26919000,-1339853000,-500000000,-500000000,0,-425608000,-425608000,174414000,-600022000,0,0,0,0,-224168000,-1149776000,-86740000,-2183759000,6055111000,8238870000,392610000,-524585000,-131975000,509265000,763432000,cash-flow-statement
2025-12-27,AMD,USD,0000002488,2026-02-04,2026-02-03 18:14:52,2025,FY,4269000000,3004000000,248000000,1638000000,-2378000000,-121000000,-2189000000,410000000,-478000000,928000000,7709000000,-974000000,-1760000000,-5972000000,1845000000,1328000000,-5533000000,1491000000,1491000000,0,-1031000000,-1031000000,285000000,-1316000000,0,0,0,0,-891000000,-431000000,114000000,1859000000,5539000000,3680000000,7709000000,-974000000,6735000000,0,0,cash-flow-statement
2024-12-28,AMD,USD,0000002488,2025-02-05,2025-02-05 16:42:57,2024,FY,1641000000,3177000000,-1163000000,1407000000,-2098000000,-1865000000,-1458000000,-109000000,1334000000,77000000,3041000000,-636000000,-565000000,-1834000000,2032000000,-98000000,-1101000000,-750000000,-750000000,0,-1590000000,-1590000000,0,-1590000000,0,0,0,0,278000000,-2062000000,0,-122000000,3811000000,3933000000,3041000000,-636000000,2405000000,1386000000,72000000,cash-flow-statement
2023-12-30,AMD,USD,0000002488,2024-01-31,2024-01-31 17:16:39,2023,FY,854000000,3551000000,-1019000000,1384000000,-3049000000,-1250000000,-580000000,-419000000,-800000000,-54000000,1667000000,-546000000,-131000000,-3722000000,2987000000,-11000000,-1423000000,0,0,0,-1412000000,-1412000000,0,-1412000000,0,0,0,0,266000000,-1146000000,0,-902000000,3933000000,4835000000,1667000000,-546000000,1121000000,523000000,84000000,cash-flow-statement
2022-12-31,AMD,USD,0000002488,2023-02-27,2023-02-27 16:20:39,2022,FY,1320000000,4262000000,-1505000000,1081000000,-1846000000,-1091000000,-1401000000,931000000,-285000000,253000000,3565000000,-450000000,822000000,-2667000000,4310000000,-16000000,1999000000,679000000,679000000,0,-4108000000,-4108000000,0,-4108000000,0,0,0,0,165000000,-3264000000,0,2300000000,4835000000,2535000000,3565000000,-450000000,3115000000,685000000,85000000,cash-flow-statement
2021-12-25,AMD,USD,0000002488,2022-02-03,2022-02-03 17:22:50,2021,FY,3162000000,463000000,308000000,379000000,-774000000,-640000000,-556000000,801000000,-379000000,-17000000,3521000000,-301000000,0,-2056000000,1678000000,-7000000,-686000000,0,0,0,-1999000000,-1999000000,0,-1999000000,0,0,0,0,104000000,-1895000000,0,940000000,2535000000,1595000000,3521000000,-301000000,3220000000,35000000,25000000,cash-flow-statement
2025-12-27,INTC,USD,0000050863,2026-01-23,2026-01-22 18:43:06,2025,FY,26000000,11706000000,328000000,2434000000,-1747000000,-449000000,-138000000,297000000,-1457000000,-3050000000,9697000000,-14646000000,0,-24319000000,16058000000,8086000000,-14821000000,-3750000000,-3750000000,0,13477000000,13477000000,13477000000,0,0,0,0,0,1860000000,11587000000,0,6463000000,14712000000,8249000000,9697000000,-14646000000,-4949000000,2299000000,1106000000,cash-flow-statement
2024-12-28,INTC,USD,0000050863,2025-01-31,2025-01-31 17:13:51,2024,FY,-19233000000,11379000000,6132000000,3410000000,1103000000,-75000000,-1105000000,634000000,1649000000,5497000000,8288000000,-23944000000,-82000000,-37940000000,42510000000,1200000000,-18256000000,687000000,687000000,0,12714000000,12714000000,12714000000,0,0,-1599000000,-1599000000,0,-664000000,11138000000,0,1170000000,8249000000,7079000000,8288000000,-23944000000,-15656000000,2202000000,987000000,cash-flow-statement
2023-12-30,INTC,USD,0000050863,2024-01-26,2024-01-25 18:38:16,2023,FY,1675000000,9602000000,-2033000000,3229000000,-569000000,731000000,2097000000,-801000000,-2596000000,-433000000,11471000000,-25750000000,-13000000,-44414000000,44549000000,1587000000,-24041000000,7024000000,10968000000,-3944000000,4001000000,4001000000,4001000000,0,0,-3088000000,-3088000000,0,568000000,8505000000,0,-4065000000,7079000000,11144000000,11471000000,-25750000000,-14279000000,2621000000,613000000,cash-flow-statement
2022-12-31,INTC,USD,0000050863,2023-01-27,2023-01-26 18:31:20,2022,FY,8017000000,13035000000,-5148000000,3128000000,339000000,5327000000,-2436000000,-29000000,-2523000000,-3938000000,15433000000,-25050000000,6579000000,-44157000000,53691000000,-1294000000,-10231000000,5164000000,1219000000,3945000000,2009000000,2009000000,2009000000,0,0,-5997000000,-5997000000,0,-61000000,1115000000,0,6317000000,11144000000,4827000000,15433000000,-25050000000,-9617000000,4282000000,459000000,cash-flow-statement
2021-12-25,INTC,USD,0000050863,2022-01-27,2022-01-26 18:34:53,2021,FY,19868000000,11792000000,0,2036000000,-5408000000,-2674000000,-2339000000,1190000000,-1585000000,1168000000,29456000000,-20329000000,-209000000,-41167000000,35880000000,1542000000,-24283000000,2474000000,2474000000,0,-2415000000,-2415000000,0,-2415000000,0,-5644000000,-5644000000,0,-626000000,-6211000000,0,-1038000000,4827000000,5865000000,29456000000,-20329000000,9127000000,2263000000,545000000,cash-flow-statement
2025-12-31,JPM,USD,0000019617,2026-02-13,2026-02-13 16:20:00,2025,FY,56780000000,8821000000,5611000000,0,13866000000,-11514000000,0,5270000000,20110000000,15789000000,100867000000,0,0,-578577000000,233500000000,-169137000000,-514214000000,166996000000,12039000000,154957000000,-31591000000,-31591000000,3000000000,-34591000000,0,-16625000000,-16625000000,0,150753000000,269533000000,17835000000,-125979000000,343338000000,469317000000,100867000000,0,100867000000,5309000000,96436000000,cash-flow-statement
2024-12-31,JPM,USD,0000019617,2025-02-14,2025-02-14 16:17:07,2024,FY,58471000000,7938000000,2004000000,0,-114220000000,5735000000,0,-90000000,-119865000000,3795000000,-42012000000,0,-2362000000,-357421000000,242487000000,-46107000000,-163403000000,20749000000,13310000000,7439000000,-26180000000,-26180000000,2500000000,-28680000000,0,-14783000000,-14783000000,0,83661000000,63447000000,-12866000000,-154834000000,469317000000,624151000000,-42012000000,0,-42012000000,11715000000,99642000000,cash-flow-statement
2023-12-31,JPM,USD,0000019617,2024-02-16,2024-02-16 16:20:22,2023,FY,49552000000,7512000000,-4534000000,0,-56168000000,19928000000,0,-25388000000,-50708000000,16612000000,12974000000,0,-9920000000,-119640000000,215234000000,-18031000000,67643000000,8603000000,10537000000,-1934000000,-9824000000,-9824000000,0,-9824000000,0,-13463000000,-13463000000,0,-10887000000,-25571000000,1871000000,56917000000,624151000000,567234000000,12974000000,0,12974000000,9908000000,77114000000,cash-flow-statement
2022-12-31,JPM,USD,0000019617,2023-02-21,2023-02-21 16:13:55,2022,FY,37676000000,7051000000,-2738000000,0,32686000000,-22970000000,0,58614000000,-2958000000,32444000000,107119000000,0,0,-159934000000,172401000000,-150286000000,-137819000000,23902000000,32886000000,-8984000000,-10596000000,-10596000000,0,-10596000000,0,-13562000000,-13562000000,0,-126001000000,-126257000000,-16643000000,-173600000000,567234000000,740834000000,107119000000,0,107119000000,4355000000,23143000000,cash-flow-statement
2021-12-31,JPM,USD,0000019617,2022-02-22,2022-02-22 16:56:31,2021,FY,48334000000,7932000000,3748000000,0,35901000000,-12401000000,0,43162000000,5140000000,-17831000000,78084000000,0,0,-360541000000,263720000000,-32523000000,-129344000000,35250000000,27477000000,7773000000,-13633000000,-13633000000,7350000000,-20983000000,0,-12858000000,-12858000000,0,267234000000,275993000000,-11508000000,213225000000,740834000000,527609000000,78084000000,0,78084000000,18737000000,5142000000,cash-flow-statement
2025-09-30,V,USD,0001403161,2025-11-06,2025-11-06 16:09:41,2025,FY,20058000000,1220000000,152000000,897000000,-11788000000,-542000000,0,67000000,-11313000000,12520000000,23059000000,-1482000000,-887000000,-68000000,3024000000,121000000,708000000,3924000000,3924000000,0,-13294000000,-13294000000,95000000,-13389000000,0,-4634000000,-4634000000,0,-4959000000,-18963000000,420000000,5224000000,24987000000,19763000000,23059000000,-1482000000,21577000000,4541000000,587000000,cash-flow-statement
2024-09-30,V,USD,0001403161,2024-11-13,2024-11-13 17:14:01,2024,FY,19743000000,1034000000,-100000000,850000000,-15432000000,-237000000,0,109000000,-15304000000,13855000000,19950000000,-1257000000,-915000000,-4674000000,5013000000,-93000000,-1926000000,0,0,0,-16713000000,-16713000000,0,-16713000000,0,-4217000000,-4217000000,0,297000000,-20633000000,382000000,-2227000000,19763000000,21990000000,19950000000,-1257000000,18693000000,5775000000,583000000,cash-flow-statement
2023-09-30,V,USD,0001403161,2023-11-15,2023-11-15 16:07:14,2023,FY,17273000000,943000000,-483000000,765000000,-10022000000,-250000000,1208000000,34000000,-11014000000,12279000000,20755000000,-1059000000,0,-4484000000,3562000000,-25000000,-2006000000,-2250000000,-2250000000,0,-11841000000,-12101000000,0,-12101000000,260000000,-3751000000,-3751000000,0,70000000,-17772000000,636000000,1613000000,21990000000,20377000000,20755000000,-1059000000,19696000000,3433000000,617000000,cash-flow-statement
2022-09-30,V,USD,0001403161,2022-11-16,2022-11-16 16:06:43,2022,FY,14957000000,861000000,-336000000,602000000,-7657000000,-97000000,0,67000000,-7627000000,10422000000,18849000000,-970000000,-1948000000,-6083000000,4585000000,128000000,-4288000000,2218000000,2218000000,0,-11589000000,-11589000000,0,-11589000000,0,-3203000000,-3203000000,0,-122000000,-12696000000,-1287000000,578000000,20377000000,19799000000,18849000000,-970000000,17879000000,3741000000,607000000,cash-flow-statement
2021-09-30,V,USD,0001403161,2021-11-18,2021-11-18 16:06:50,2021,FY,12311000000,804000000,873000000,542000000,-6702000000,-343000000,1063000000,88000000,-7510000000,7399000000,15227000000,-705000000,-75000000,-5182000000,5701000000,109000000,-152000000,-3000000000,-3000000000,0,-8468000000,-8676000000,0,-8676000000,208000000,-2798000000,-2798000000,0,-144000000,-14410000000,-37000000,628000000,19799000000,19171000000,15227000000,-705000000,14522000000,3012000000,643000000,cash-flow-statement
2025-08-31,COST,USD,0000909832,2025-10-08,2025-10-07 21:16:06,2025,FY,8099000000,2426000000,0,860000000,1764000000,0,559000000,404000000,801000000,186000000,13335000000,-5498000000,0,-1028000000,1141000000,74000000,-5311000000,-296000000,-250000000,-46000000,-903000000,-903000000,0,-903000000,0,-2183000000,-2183000000,0,-393000000,-3775000000,6000000,4255000000,14161000000,9906000000,13335000000,-5498000000,7837000000,2917000000,106000000,cash-flow-statement
2024-09-01,COST,USD,0000909832,2024-10-09,2024-10-08 18:40:07,2024,FY,7367000000,2237000000,0,818000000,611000000,0,-2068000000,1938000000,741000000,306000000,11339000000,-4710000000,0,-1470000000,1790000000,-19000000,-4409000000,-708000000,-716000000,8000000,-700000000,-700000000,0,-700000000,0,-9041000000,-9041000000,0,-315000000,-10764000000,40000000,-3794000000,9906000000,13700000000,11339000000,-4710000000,6629000000,2319000000,129000000,cash-flow-statement
2023-09-03,COST,USD,0000909832,2023-10-11,2023-10-10 19:13:15,2023,FY,6292000000,2077000000,0,774000000,1018000000,0,1228000000,-382000000,172000000,907000000,11068000000,-4323000000,0,-1622000000,937000000,36000000,-4972000000,-384000000,-366000000,-18000000,-676000000,-676000000,0,-676000000,0,-1251000000,-1251000000,0,-303000000,-2614000000,15000000,3497000000,13700000000,10203000000,11068000000,-4323000000,6745000000,2234000000,125000000,cash-flow-statement
2022-08-28,COST,USD,0000909832,2022-10-05,2022-10-04 21:59:05,2022,FY,5915000000,1900000000,-37000000,724000000,-1563000000,0,-4003000000,1891000000,549000000,453000000,7392000000,-3891000000,-842000000,-1121000000,1145000000,-48000000,-4757000000,-800000000,-800000000,0,-439000000,-439000000,0,-439000000,0,-1498000000,-1498000000,0,-704000000,-3441000000,-249000000,-1055000000,10203000000,11258000000,7392000000,-3891000000,3501000000,1940000000,145000000,cash-flow-statement
2021-08-29,COST,USD,0000909832,2021-10-06,2021-10-05 20:49:17,2021,FY,5079000000,1781000000,59000000,665000000,1003000000,0,-1892000000,1838000000,1057000000,371000000,8958000000,-3588000000,0,-1331000000,1446000000,-62000000,-3535000000,-120000000,-161000000,41000000,-496000000,-496000000,0,-496000000,0,-5748000000,-5748000000,0,-124000000,-6488000000,46000000,-1019000000,11258000000,12277000000,8958000000,-3588000000,5370000000,1527000000,149000000,cash-flow-statement
2026-01-31,WMT,USD,0000104169,2026-03-13,2026-03-13 16:06:24,2026,FY,22270000000,14203000000,2277000000,0,752000000,-1136000000,-1443000000,1611000000,1720000000,2063000000,41565000000,-26642000000,-53000000,0,927000000,-582000000,-26350000000,1358000000,1358000000,0,-8088000000,-8088000000,0,-8088000000,0,-7507000000,-7507000000,0,684000000,-13553000000,123000000,1785000000,11321000000,9536000000,41565000000,-26642000000,14923000000,0,0,cash-flow-statement
2025-01-31,WMT,USD,0000104169,2025-03-14,2025-03-14 16:40:52,2025,FY,20157000000,12973000000,-635000000,0,181000000,-1106000000,-2755000000,3228000000,814000000,3767000000,36443000000,-23783000000,-1896000000,0,4080000000,220000000,-21379000000,-1256000000,-3468000000,2212000000,-4494000000,-4494000000,0,-4494000000,0,-6688000000,-6688000000,0,-2384000000,-14822000000,-641000000,-399000000,9536000000,9935000000,36443000000,-23783000000,12660000000,5884000000,2739000000,cash-flow-statement
2024-01-31,WMT,USD,0000104169,2024-03-15,2024-03-15 16:54:48,2024,FY,16270000000,11853000000,-175000000,0,1943000000,-797000000,2017000000,2515000000,-1792000000,5835000000,35726000000,-20606000000,126000000,0,0,-807000000,-21287000000,1262000000,750000000,512000000,-2779000000,-2779000000,0,-2779000000,0,-6140000000,-6140000000,0,-5757000000,-13414000000,69000000,1094000000,9935000000,8841000000,35726000000,-20606000000,15120000000,5879000000,2739000000,cash-flow-statement
2023-01-31,WMT,USD,0000104169,2023-02-21,2023-03-17 17:02:59,2023,FY,11292000000,10945000000,449000000,0,2553000000,240000000,-528000000,-1425000000,4266000000,3602000000,28841000000,-16857000000,-740000000,0,0,-125000000,-17722000000,2318000000,2352000000,-34000000,-9920000000,-9920000000,0,-9920000000,0,-6114000000,-6114000000,0,-3323000000,-17039000000,-73000000,-5993000000,8841000000,14834000000,28841000000,-16857000000,11984000000,5879000000,2519000000,cash-flow-statement
2022-01-31,WMT,USD,0000104169,2022-02-17,2022-03-18 17:03:00,2022,FY,13940000000,10658000000,-755000000,0,-6597000000,-1796000000,-11764000000,5520000000,1443000000,6935000000,24181000000,-13106000000,7576000000,0,0,-485000000,-6015000000,-5872000000,-6065000000,193000000,-9787000000,-9787000000,0,-9787000000,0,-6152000000,-6152000000,0,-1017000000,-22828000000,1681000000,-2981000000,14834000000,17788000000,24181000000,-13106000000,11075000000,3310000000,2051000000,cash-flow-statement
