symbol,date,fiscalYear,period,reportedCurrency,marketCap,enterpriseValue,evToSales,evToOperatingCashFlow,evToFreeCashFlow,evToEBITDA,netDebtToEBITDA,currentRatio,incomeQuality,grahamNumber,grahamNetNet,taxBurden,interestBurden,workingCapital,investedCapital,returnOnAssets,operatingReturnOnAssets,returnOnTangibleAssets,returnOnEquity,returnOnInvestedCapital,returnOnCapitalEmployed,earningsYield,freeCashFlowYield,capexToOperatingCashFlow,capexToDepreciation,capexToRevenue,salesGeneralAndAdministrativeToRevenue,researchAndDevelopementToRevenue,stockBasedCompensationToRevenue,intangiblesToTotalAssets,averageReceivables,averagePayables,averageInventory,daysOfSalesOutstanding,daysOfPayablesOutstanding,daysOfInventoryOutstanding,operatingCycle,cashConversionCycle,freeCashFlowToEquity,freeCashFlowToFirm,tangibleAssetValue,netCurrentAssetValue,endpoint
AAPL,2025-09-27,2025,FY,USD,3818743810000.0,3895186810000.0,9.359807406268247,34.94005139843203,39.43814037077161,26.969935053694947,0.5292846905357032,0.8932929222186667,0.995286135166503,28.8371936709443,-11.588738000468274,0.8438999766441395,1.0,-17674000000,32160000000,0.3117962593356549,0.36742927918411644,0.3117962593356549,1.5191298333175105,0.5196842110031786,0.6872062393471412,0.029331635106467118,0.02586374077814872,0.11405428679069267,1.0869379381090785,0.030553079216937677,0.06632288945864702,0.08302075398703868,0.030908710811440764,0.0,69600000000,69410000000,6502000000,63.9879878220208,115.40052498189719,9.445465242577843,73.43345306459864,-41.967071917298554,90284000000,98767000000.0,73733000000,-137551000000,key-metrics
AAPL,2024-09-28,2024,FY,USD,3495160329570.0,3584276329570.0,9.166126637180815,30.30997961650346,32.94159686022039,26.5639689436745,0.6604609797672868,0.8673125765340832,1.2615643936161134,22.587017267616833,-12.352478525015636,0.7590881483581001,1.0,-23405000000,22275000000,0.25682503150857583,0.3434290787011036,0.25682503150857583,1.6459350307287095,0.4430708117427921,0.6533607652660827,0.026818798327209237,0.03113076074921754,0.07988736110406414,0.8254259501965924,0.02415896275269477,0.06673827151022287,0.08022299794136074,0.02988990755303234,0.0,63614000000,65785500000,6808500000,61.83255974529134,119.65847721913745,12.642570548414087,74.47513029370543,-45.18334692543202,102809000000,108807000000.0,56950000000,-155043000000,key-metrics
AAPL,2023-09-30,2023,FY,USD,2695569789510.0,2789534789510.0,7.277964933430737,25.234838836561337,28.0118773046875,21.592832070393534,0.7273508375390904,0.9880116717592975,1.1396773029537606,23.391122856319186,-11.431345868845547,0.8528082577196314,0.9665757336256788,-1742000000,52634000000,0.27509834563776475,0.32410277058658404,0.27509834563776475,1.5607601454639075,0.4338918291689624,0.551446146423833,0.03598311584343425,0.03694358068098929,0.0991378920420108,0.9513846688080563,0.02859230076835775,0.06504820172978332,0.07804897139204509,0.028263563666723196,0.0,60958500000,63363000000,5638500000,58.07564866874519,106.72146803214763,10.791292490321615,68.8669411590668,-37.85452687308083,89683000000,102938094877.61131,62146000000,-146871000000,key-metrics
AAPL,2022-09-24,2022,FY,USD,2439367314090.0,2548201314090.0,6.462136379080359,20.861076160571752,22.865512540850478,19.13954929539275,0.8174525680121378,0.8793560286267226,1.2239211246154926,20.801963754945305,-12.67929632054538,0.8379553831557559,0.9759821033482472,-18577000000,33957000000,0.2829244092925685,0.3394268192003774,0.2829244092925685,1.9695887275023682,0.45174761493312454,0.6008713457059057,0.040913477615088595,0.04568520671581333,0.08766199212450164,0.9643371757925072,0.02715505873283155,0.06363737802032826,0.06657148363798665,0.022920005680550203,0.0,56219000000,59439000000,5763000000,56.400204905560855,104.6852773031054,8.07569806661716,64.47590297217802,-40.209374330927375,111320000000,113899047228.02953,50672000000,-166678000000,key-metrics
AAPL,2021-09-25,2021,FY,USD,2453750882240.0,2555332882240.0,6.985276469491576,24.561534076395162,27.490590752746012,20.7521186512474,0.8249577702702703,1.0745531195957954,1.0988381918039714,21.950837680915992,-10.97841529675105,0.8669773915591491,0.9763526803275757,9355000000,58882000000,0.26974205275183616,0.3228644668019974,0.26974205275183616,1.5007132667617689,0.3892505618225257,0.48309913489209433,0.038585824129614886,0.03788200370004322,0.1065476076049136,0.9823644097837646,0.030302036264033657,0.06006555190163388,0.059904269074427925,0.021611898845597662,0.0,44475500000,48529500000,5320500000,51.390968708397914,93.85107122231561,11.27659274770989,62.667561456107805,-31.183509766207806,105618000000,95246155200.67395,63090000000,-153076000000,key-metrics
MSFT,2025-06-30,2025,FY,USD,3697248530000.0,3779190530000.0,13.414513956922377,27.7551044344237,52.77388292301462,23.595607841913026,0.5116099022882652,1.3534464445042416,1.3371238903291696,119.34915757964492,-17.230088793219426,0.8237035599019632,0.9810732311208457,49913000000,421815000000,0.16450970350709124,0.22724869736183725,0.21353351926020675,0.2964722734140952,0.21633285207217198,0.2690080266228534,0.027542643988825926,0.019368727695457357,0.47407499889837107,1.8900535824085731,0.22912850875324786,0.11669932274140649,0.11531853871164686,0.042502591188539135,0.22958370153294896,63414500000,24860000000,1092000000,90.56851741420681,115.21285195432137,3.8980542177591055,94.46657163196592,-20.746280322355446,62649000000,73575532990.36618,201366000000,-84393000000,key-metrics
MSFT,2024-06-30,2024,FY,USD,3393960630000.0,3473497630000.0,14.170485023784074,29.300347791611838,46.89416411281068,26.11475636986971,0.5979820914374215,1.2749549031815206,1.345057638195516,98.19157113773981,-16.79975777149778,0.8176867340217281,0.9734921695778617,34448000000,335817000000,0.17208583985957596,0.23683233799244485,0.24123981102844974,0.32828137978299815,0.22273144449804294,0.2828625118577739,0.025968480370970007,0.021824354515273207,0.3751813611364173,1.9956476869924171,0.18144842160230415,0.13081241177862452,0.12038903076835208,0.04379043904667879,0.2866606920062558,52806000000,20045500000,1873000000,84.76293437553545,108.32690179992983,6.136357503305718,90.89929187884117,-17.42760992108866,74646000000,76470910564.35378,121660000000,-83952000000,key-metrics
MSFT,2023-06-30,2023,FY,USD,2535660840000.0,2580397840000.0,12.176570039874479,29.462650316275035,43.38626044556536,24.54249419821191,0.42549933422103864,1.76916725076573,1.2103481156976825,77.81961132791403,-7.618990061778136,0.8102137474667174,0.9784397287437417,80108000000,267347000000,0.175643726819038,0.2279124013923503,0.2161810924821644,0.35088714643856406,0.22648273199127267,0.28757386454079725,0.02853733388097755,0.023455423951730073,0.3209221072823183,2.027775773753697,0.13263336715192411,0.1431422976193285,0.12832975485454073,0.04535308968218389,0.18751577761811367,46474500000,18547500000,3121000000,83.85966071302173,100.27898820278456,13.854516192703034,97.71417690572476,-2.564811297059805,56725000000,61069500655.014496,128971000000,-21496000000,key-metrics
MSFT,2022-06-30,2022,FY,USD,1925197680000.0,1989666680000.0,10.03513733797347,22.347017240411073,30.54024896775085,19.849227147118388,0.6431528646534782,1.7846069708251824,1.224050702521378,69.6472938972942,-7.801794290288154,0.8688661665631421,0.975949824549132,74602000000,240970000000,0.19936958666812848,0.23870807979742892,0.25431266563642846,0.4367546925099975,0.26269028650459386,0.309102973776496,0.03778209414837857,0.033840161286710045,0.2682765204694783,1.6518672199170124,0.12047208352246935,0.13983456902204064,0.12362939426035205,0.037837292580824126,0.21604538975989473,41152000000,17081500000,3189000000,81.48113683361075,110.69433359936153,21.80095770151636,103.2820945351271,-7.412239064234427,56126000000,66941470901.61977,87720000000,-28614000000,key-metrics
MSFT,2021-06-30,2021,FY,USD,2044482299999.9998,2112536299999.9998,12.56803757555566,27.528489705499084,37.64454007626786,24.81424930110179,0.7993751027791481,2.0799936835218875,1.2524685413980512,58.6232935643997,-4.198323837286339,0.861733847149166,0.9680590349635116,95749000000,224063000000,0.18356757015869782,0.22017666787384466,0.22178102422285606,0.4315223821731414,0.23539632680703854,0.28522939597424957,0.029968955955255765,0.027448513494100685,0.26872556684910087,1.7646756803012151,0.12268573604302509,0.15006425205844556,0.12324496692208843,0.036397601256484696,0.17230263138184249,35027000000,13846500000,2265500000,82.6096746942078,105.95985219788636,18.420508500536073,101.03018319474387,-4.929669003142493,52368000000,58139627605.41194,84477000000,-7385000000,key-metrics
GOOGL,2025-12-31,2025,FY,USD,3792308000000.0,3820891000000.0,9.481989661581833,23.197264332505632,52.15094313870008,21.231654460386082,0.1588279747946789,2.005333592875566,1.2462207762729818,91.71937861420528,-0.4959144932320898,0.8321685366375783,1.0,103293000000,398491000000,0.22202959610671263,0.24708068676670458,0.23521937138392707,0.3182786895115167,0.2182335528841129,0.26224682053697596,0.034852126989685435,0.019319633320922246,0.5551899364348898,4.326599167297502,0.22693646811245696,0.12451515399676893,0.15159456327255852,0.06192379945553314,0.05607435816026381,57613000000,10093500000,0,56.96153244838856,27.397175992863076,0.0,56.96153244838856,29.564356455525484,105403000000,73385000100.73917,381885000000,26022000000,key-metrics
GOOGL,2024-12-31,2024,FY,USD,2331986700000.0,2333981700000.0,6.668176208080728,18.627297105324065,32.07604996976527,17.238442619318434,0.014734774066797643,1.8369313974102914,1.2515132144069998,69.46558284356453,0.7906485916064616,0.8356048908734298,0.9977682103211946,74589000000,291098000000,0.22235794747876764,0.2636257869601524,0.2393043494888508,0.30797578472025694,0.2579896041307089,0.3112141199665498,0.04293249185340551,0.031202579328604232,0.4192770892026273,3.431193259747894,0.15009228096840735,0.1199824009050963,0.14092418104211785,0.065096652172174,0.0708152695355531,50152000000,7740000000,0,54.580335868441054,19.925737837135866,0.0,54.580335868441054,34.654598031305184,73652000000,72987942110.75407,293199000000,38539000000,key-metrics
GOOGL,2023-12-31,2023,FY,USD,1764284700000.0,1767357700000.0,5.749486652309414,17.370291706799286,25.43143679401396,18.03960049402374,0.031366424758346854,2.096584936563424,1.3787654990175486,54.31067603676103,2.207125890736342,0.8609144043771947,0.9964196454519035,89716000000,267350000000,0.18339082287918249,0.21961138843440292,0.19773897758270498,0.26041096905557576,0.2244156300949283,0.2629406883816107,0.04182714955245035,0.03938990118771647,0.31697560592062585,2.6997321279089235,0.10491746748472644,0.14425135168545905,0.14778102370247956,0.07306583732929074,0.07256108471341378,44111000000,6310500000,1335000000,56.95251045888989,20.51229262292623,0.0,56.95251045888989,36.440217835963665,68735000000,69760161636.54817,254181000000,52517000000,key-metrics
GOOGL,2022-12-31,2022,FY,USD,1152548490000.0,1160348490000.0,4.102548791525831,12.682097273075032,19.335918846858856,13.625510685767965,0.09159229685298262,2.377994227994228,1.5256286266924566,45.005406841454224,2.7689275051672664,0.8407918349035441,0.9950198786356979,95495000000,253588000000,0.16418809409084936,0.2065940496762048,0.17943869307641674,0.2341339246673746,0.210850863346025,0.25287534970469383,0.052034253239965626,0.05206722365321046,0.3441171648723974,1.9767076845806129,0.11131892686928113,0.14952481296581766,0.13965690364734334,0.06845663211189523,0.08499058215427746,39781000000,5582500000,1920000000,51.95296921184008,14.83102620381449,7.722082676323067,59.675051888163146,44.84402568434866,58814000000,60310162685.06056,225100000000,55675000000,key-metrics
GOOGL,2021-12-31,2021,FY,USD,1934182050000.0,1941632050000.0,7.5363090316996395,21.18483011827347,28.974393392228258,18.755924401812194,0.07196607451628172,2.928113424845146,1.2054239606486656,49.13590924170753,4.649067625252752,0.8379769435933608,0.9962011418533158,123889000000,258820000000,0.21163309841121392,0.23189234095957484,0.2270353394347482,0.30215590041131,0.22193758857753051,0.2668144562630926,0.039310156973072934,0.03464616994041486,0.26884301488238116,1.9805481874447393,0.09563843702573777,0.14136944615874272,0.12250569599863374,0.059680868819307786,0.06784072057628289,35344000000,5813000000,949000000,55.68284058578542,19.862311720855605,3.849412740334779,59.5322533261202,39.6699416052646,65776000000,67301940022.48331,227262000000,80510000000,key-metrics
AMZN,2025-12-31,2025,FY,USD,2459617920000.0,2525794920000.0,3.523099965965709,18.104239861232564,328.2384561403509,15.276277027476548,0.40024555312959276,1.0508153482718285,1.796240504699369,79.53878453190363,-20.08152683933934,0.8027326188286119,0.9716021489180098,11078000000,486627000000,0.09494622525493801,0.11085037728631068,0.09887063184533054,0.1889482198679041,0.10699097087482645,0.13328344752073623,0.031578075345946414,0.0031285346953399983,0.9448442450220049,2.0046687754729606,0.18386746712343288,0.08132103263386356,0.1513702986648515,0.027153505810936725,0.03969233853518524,61590000000,108136000000,36269500000,34.482155709670764,124.8457832745066,39.24824782415954,73.7304035338303,-51.1153797406763,17875000000,9520413975.216278,378595000000,-177894000000,key-metrics
AMZN,2024-12-31,2024,FY,USD,2297671470000.0,2349792470000.0,3.6832969987099484,20.278333664143876,71.47005505201047,18.97825360416751,0.4209586883657069,1.063734806137178,1.9557959762354848,58.95453802911595,-17.09412298290843,0.8647701895990542,0.9647000844832442,11436000000,371918000000,0.09481288026449286,0.11900779702068448,0.09987559379519839,0.2071825715984194,0.13315849265857754,0.1539813632108615,0.025786105965793272,0.014309269375225345,0.7162681118772491,1.5720996306468416,0.13010083720113674,0.08662939154397069,0.13879261833440706,0.03450221722712588,0.050690197057420935,53852000000,89672000000,33766000000,31.72557327351758,105.5585709557201,38.27327391752072,69.9988471910383,-35.559723764681806,21066000000,34958637076.17532,254294000000,-148057000000,key-metrics
AMZN,2023-12-31,2023,FY,USD,1565589760000.0,1627813760000.0,2.83203938864097,19.162924210675016,50.52654685414533,18.207800272924544,0.6960023265698754,1.0450772206625152,2.7919802793755135,36.07795996725859,-17.794084821428573,0.8103609002530296,0.9215984682981909,7434000000,314600000000,0.057639044129626754,0.07440872503480464,0.06117077956805488,0.15071207430340558,0.08228265483024505,0.10153828350374858,0.019433571154681032,0.020578187736741457,0.6207355260989335,1.0835542403879745,0.09173691032299033,0.0977513331071618,0.14896352549214054,0.04179475803996277,0.05773566175495497,47306500000,82290500000,33861500000,33.18170272362709,101.78567561093263,39.906510161154294,73.08821288478138,-28.697462726151244,16338000000,34795568384.60513,171399000000,-153628000000,key-metrics
AMZN,2022-12-31,2022,FY,USD,855876000000.0,942106000000.0,1.8329516734989288,20.151137919233403,-55.76901675250104,24.56471631205674,2.248383395911556,0.9446435811136924,-17.1756061719324,,-19.396751398567083,0.4583263175618791,1.664051555057439,-8602000000,270621000000,-0.0058831793375479545,0.02773475358459462,-0.006238969492768571,-0.018638346240490815,0.018268498439537283,0.03985915217943127,-0.0031803672494613703,-0.019737672279629293,1.3613321355236139,1.5182128288924406,0.12382705264571008,0.10531282163028738,0.14244245432241923,0.03817441432887858,0.05702707083806127,37625500000,79132000000,33522500000,30.081539661817608,100.59169548975007,43.4781065744328,73.55964623625042,-27.03204925349965,-1175000000,-15808141606.331032,119658000000,-169841000000,key-metrics
AMZN,2021-12-31,2021,FY,USD,1687206400000.0,1767381400000.0,3.7618106431797576,38.15013706909578,-120.0177509167459,23.757361579718523,1.0777223663516728,1.1357597739445826,1.3885325500539503,31.832776439776662,-14.354421936758893,0.8744332328659415,0.9548298298298298,19314000000,256155000000,0.07933439385184604,0.0670824435384715,0.08339519735246993,0.2413396506202756,0.07817590151202826,0.0894017960134108,0.01977469976405969,-0.008728037067664039,1.3178707880933365,1.7801784464660602,0.12994921480901278,0.08806313880576049,0.11930475797216818,0.027152836606204052,0.04869349350491857,28716500000,75601500000,28217500000,25.55268803929999,105.42681314807743,43.74467585112945,69.29736389042944,-36.12944925764799,-8435000000,-13144150281.745514,117767000000,-120724000000,key-metrics
META,2025-12-31,2025,FY,USD,1664086890000.0,1712110890000.0,8.51940572037061,14.785068134715026,37.131815697586156,16.376314133221104,0.4593488158549183,2.5987666124868536,1.915379271560422,215.63447574019258,-20.769238397461326,0.7035563003304939,1.0,66886000000,288224000000,0.16517631502017643,0.2593964879492271,0.17704334279196574,0.2782966539773433,0.17950279862720422,0.25687801718154757,0.03633103557471088,0.027708288718024814,0.6018221070811745,3.743607649333906,0.3467800523471632,0.12013474916154972,0.2854811261606441,0.10164405919409253,0.06702894096240379,18381500000,8290500000,0,35.905003831493886,89.73904630269523,0.0,35.905003831493886,-53.83404247120134,73491000000,46109000000.0,192709000000,-40056000000,key-metrics
META,2024-12-31,2024,FY,USD,1483682340000.0,1488853340000.0,9.050725162764968,16.30226589873861,27.534645287764462,17.137682904369445,0.05952161701735807,2.9778842719371355,1.4645285439384221,199.7708346759458,-1.127269139700079,0.8824986202114261,0.9899829078987924,66449000000,224286000000,0.22589783158367566,0.27440441230271495,0.24504391221486532,0.34144231453648494,0.25052272614676246,0.2861526532430359,0.0420305602613023,0.03644445885903043,0.4079362298528381,2.403923086849916,0.22647886638986997,0.12818767059166813,0.2667035458751011,0.10145834979726567,0.07813326378172386,16581500000,6268000000,0,37.70682245092735,93.02592752229701,0.0,37.70682245092735,-55.31910507136966,62535000000,54702986513.45117,161068000000,6628000000,key-metrics
META,2023-12-31,2023,FY,USD,911093040000.0,906465040000.0,6.71943366295533,12.746826037433381,20.67336511049787,15.350285172390436,-0.07837160468739417,2.6709949937421777,1.8188398383549031,142.60803915144217,0.4175407925407925,0.8243653537994433,0.9906838785144337,53405000000,184728000000,0.1702703997421861,0.2251161670879981,0.18780772500852624,0.25526219575890524,0.19338992531074825,0.23651872125789855,0.042913290172867526,0.048125710629948394,0.3834179404609565,2.4392556808015744,0.20211709240782197,0.17574980356110362,0.2852663414923426,0.10397918488977183,0.09337914755926018,14817500000,4919500000,0,43.747942951179375,68.18001463846835,0.0,43.747942951179375,-24.432071687288975,51244000000,44214666947.794556,131726000000,8910000000,key-metrics
META,2022-12-31,2022,FY,USD,323353580000.0,335263580000.0,2.8751089538543337,6.64217097573056,17.60468283973955,8.895292650570443,0.3159989387105333,2.203396729075705,2.175646551724138,95.3361655096762,-3.415147004093785,0.8050244630278636,0.9936215694386981,32523000000,145917000000,0.12491452508251358,0.16458827342670465,0.1410128613454572,0.18454734196145187,0.14556705936151187,0.18238070333520268,0.07174808455808654,0.058895281134663795,0.6227043090638931,3.618581625604421,0.26954180209074774,0.2322119218928213,0.3030469346276874,0.10283940347657557,0.11416218428122998,13752500000,4536500000,0,42.15017708753184,72.13553012000476,0.0,42.15017708753184,-29.985353032472922,28115000000,19192929525.660156,104510000000,-465000000,key-metrics
META,2021-12-31,2021,FY,USD,946825250000.0001,944097250000.0001,8.005641106089259,16.366992874850478,24.135833162900095,17.080313528964794,-0.0493541267141875,3.154293825408091,1.4651511303022606,118.15178125491477,6.1880106571936055,0.8326283732340749,0.9995138140232946,45531000000,135326000000,0.23718724960388465,0.2874427841120432,0.26936971455157505,0.31526517669103693,0.2666676325623049,0.3227639245574794,0.04158106260896612,0.04131279768890827,0.32187992996203385,2.3304882640893685,0.15744218979216307,0.20242688397255976,0.2090664721993742,0.07770777332123566,0.11947321175754728,12687000000,2707000000,0,43.4518651052752,65.79959380105082,0.0,43.4518651052752,-22.347728695775615,38453000000,39135150452.58438,105048000000,25558000000,key-metrics
NVDA,2026-01-25,2026,FY,USD,4542222730000.0,4543029730000.0,21.038583899082145,44.22817549017699,46.99232208614341,31.428342257457523,0.005582766063423543,3.905263812455306,0.855505675997568,26.760753102882155,2.1592429902705366,0.8488299752562743,0.9981723108624011,93442000000,130830000000,0.5805863551302447,0.8190035301064057,0.6573070922179947,0.7633333969089534,0.6288038473944232,0.7466044434264774,0.02643353422697526,0.021283852806575163,0.05882123873128371,2.1252198381990857,0.027980253591308617,0.021205160740582946,0.08565884652076058,0.029573303448211987,0.1167197767924063,30765500000,8061000000,15741500000,65.01907955061175,57.3250100040016,125.04353741496598,190.06261696557772,132.73760696157612,96676000000,96895846963.59137,133155000000,76095000000,key-metrics
NVDA,2025-01-26,2025,FY,USD,2907803100000.0,2909484100000.0,22.295409856165275,45.39755808329043,47.81167896406093,33.77740227776681,0.019515423105053577,4.439851498864077,0.8793770581778265,14.688113430774406,1.3551109753614334,0.8673505819627259,0.9970690493989771,62079000000,76150000000,0.6530407433625147,0.9186653057311551,0.6901123042251387,0.9187288060811577,0.7528431507492371,0.8706522436240033,0.025063595262003812,0.020927483019740917,0.05049228416732981,1.7360515021459229,0.024797504923484832,0.026751572833091947,0.0989601293516326,0.03629968505023104,0.05371815664734187,16532000000,4504500000,7681000000,64.51278573453796,70.56435552559822,112.72404179049603,177.236827525034,106.67247199943577,59603000000,61067235593.7448,73332000000,47852000000,key-metrics
NVDA,2024-01-28,2024,FY,USD,1542384300000.0,1546160300000.0,25.379342437871376,55.04308650765397,57.220691314163055,43.4522187561476,0.10611809009920467,4.171291505973097,0.9438844086021505,6.870838386442307,0.541686917780478,0.8800047312082323,0.9924578136463683,33714000000,44516000000,0.4527750730282376,0.616817884201665,0.4944671518293291,0.6924472986178976,0.512868157267306,0.5984354865056174,0.019294802209799466,0.017518980191901592,0.0380562477750089,0.7088859416445623,0.017547027346442992,0.043563901382095135,0.14239519385443683,0.05825481763566528,0.08431718597857839,6913000000,1946000000,5220500000,59.906683956534586,59.27050117321461,115.99362252572048,175.90030648225508,116.62980530904046,25771000000,27247161215.920517,37436000000,21595000000,key-metrics
NVDA,2023-01-29,2023,FY,USD,476509200000.0,485151200000.0,17.98588270186105,86.00446729303314,127.4031512605042,81.04764450384229,1.443701971266288,3.515617857687033,1.291437728937729,1.8739705041830075,-0.013480096501809409,1.0447261420712748,0.941030835021382,16510000000,27403000000,0.10606575688407557,0.09895863838161394,0.12432401662207548,0.19763811592235644,0.11718684977111943,0.12201392299026546,0.009166664568071298,0.007991451161908312,0.324942386101755,1.1871761658031088,0.067954326388374,0.09045747757099429,0.2720768147104619,0.10043004374582931,0.14686027876256616,4238500000,1488000000,3882000000,51.78523763624231,37.480203133069374,162.079101394388,213.8643390306303,176.38413589756092,3808000000,4081718249.2226744,16053000000,3992000000,key-metrics
NVDA,2022-01-30,2022,FY,USD,611270400000.0,621111400000.0,23.077632458943302,68.19404918752745,76.37867683226759,54.71865033917717,0.8669720729451149,6.650288350634371,0.9339622641509434,3.0614860279502047,0.3374599358974359,0.9809878281862991,0.9768104549474305,24494000000,34789000000,0.22069839545567702,0.2751788210145523,0.2600602682738206,0.3664512250112731,0.24627709728019379,0.2519572417946402,0.015953659787877838,0.013303441488414947,0.10715854194115064,0.8313458262350937,0.036263654603552055,0.08047856134353867,0.19573456193802483,0.07445938916549008,0.15135673388100573,3539500000,1466000000,2215500000,63.06197518020361,68.94745206059964,100.73365822650705,163.79563340671066,94.84818134611102,12109000000,8363513127.451967,19924000000,11254000000,key-metrics
TSLA,2025-12-31,2025,FY,USD,1450347000000.0,1442210000000.0,15.208854018370296,97.79684003526141,231.86655948553056,122.59520571234275,-0.6916865011900714,2.1644068865485275,3.8254215304798964,25.964479543114955,-0.38883720930232557,0.7188328912466844,0.9398148148148148,36928000000,77963000000,0.02753145726601164,0.03351598454647601,0.027609996070269406,0.04619111971462313,0.02952557971349814,0.04104927798514497,0.002615925706055171,0.004288628859162669,0.5782192988404421,1.3869551073519844,0.08992164678836197,0.061522562139475045,0.06760732702711253,0.029791093254031027,0.0028445786105104278,4497000000,12922500000,12204500000,17.613548883756735,62.78433869785033,58.18738502309186,75.8009339068486,13.016595208998268,3062000000,6466871921.182266,82473000000,13701000000,key-metrics
TSLA,2024-12-31,2024,FY,USD,1291076480000.0,1288560480000.0,13.190300747261746,86.34728137773907,359.8325830773527,87.60949687245036,-0.17106336687517,2.024912390270983,2.0929873772791026,33.829522788706676,-0.7835470753831717,0.7931034482758621,0.9625267665952891,29539000000,82516000000,0.05840910952732039,0.0618834394458826,0.05912106135986733,0.09778777447094482,0.05833215799961096,0.07588285129063047,0.005522523344240614,0.00277365443137807,0.760034845540441,2.112891207153502,0.11610195516429522,0.052717780734977994,0.04647353874500972,0.02046268809499437,0.01204227082821332,3963000000,13452500000,12821500000,16.507011976660866,56.74239780658026,54.66357178464606,71.17058376130693,14.428185954726672,6444000000,3859481646.273638,72210000000,9970000000,key-metrics
TSLA,2023-12-31,2023,FY,USD,788551280000.0,781726280000.0,8.077937854566873,58.97150573325287,179.41847142529264,52.833622600702896,-0.46127331711273317,1.7258939752330598,0.8837922528168545,45.813026486123114,-1.4088545769654954,1.5039606938734584,0.9845986770658506,20868000000,66606000000,0.14067981016338704,0.0941065644912043,0.1414959953963567,0.23947057508701344,0.1098793810865589,0.11417747527931167,0.019020957013727757,0.005525322335409816,0.6713186481593241,1.9067923719734305,0.0919574674754322,0.04960061174087814,0.04101350583323861,0.018724230932181497,0.005768256767150012,3230000000,14843000000,13232500000,13.23116985109483,66.57963925018645,62.865647870767134,76.09681772186197,9.517178471675521,6473000000,4591226812.393463,62994000000,6607000000,key-metrics
TSLA,2022-12-31,2022,FY,USD,385553400000.0,375048400000.0,4.603967494046304,25.47190980711763,49.662129237288134,21.240777028940364,-0.5949481791923883,1.53195552061103,1.1701502026543749,35.94282530196911,-1.7960063897763578,0.9171951308404402,0.9862688713156003,14208000000,51436000000,0.15282129757827492,0.1890509382635721,0.15392990396966175,0.28147369362920543,0.2174603988140671,0.24548347085153427,0.03263620551653804,0.019587429393697474,0.48709589785384405,2.0242732147897264,0.0880410498146375,0.048439763325231394,0.03774766148633719,0.019150033144288134,0.007202020938084481,2432500000,12640000000,9298000000,13.226780584812552,91.8687818640796,77.31912752231517,90.54590810712773,-1.3228737569518643,3695000000,7736239959.180698,45305000000,4477000000,key-metrics
TSLA,2021-12-31,2021,FY,USD,1042337340000.0,1033634340000.0,19.204324173680398,89.90470035661477,296.7655297157623,107.39058077922078,-0.9042077922077922,1.3752854605430094,2.083167240442109,20.701293966370145,-2.8819702602230484,0.8708812864575122,0.9447423294608281,7395000000,40288000000,0.08890891825336789,0.11415920685340264,0.09143575992319661,0.18298055583159428,0.1307862718914614,0.1537500589261302,0.005299627853685065,0.003341528568860442,0.6970514047142733,2.753005839917554,0.14889545361648365,0.08392322984597662,0.04817643015067908,0.03940694498634413,0.027635157972670646,1899500000,8038000000,4929000000,12.972985526633597,90.98453390357311,52.249173235199045,65.22215876183265,-25.762375141740463,-749000000,5313115718.114456,29866000000,-3448000000,key-metrics
NFLX,2025-12-31,2025,FY,USD,396531760960.0,401960915960.0,8.896279478873442,39.60489741087859,42.48585394881521,13.28593635675507,0.17944880941642724,1.185709316059751,0.9242407091901879,19.174454448267092,-4.251737849594523,0.863128796801145,0.94247674393969,2039261000,36822003000,0.19751429722107453,0.24401582434922192,0.48123901197974406,0.41258687422902035,0.2521668961712825,0.29869518070207135,0.02769311838581254,0.02385950869886153,0.0678097830258384,0.04107413929290913,0.01523182284607878,0.11485978941300004,0.07505892255668699,0.00815458704457133,0.5895713100886589,2285890000,900260500,0,20.86997296950121,14.123253853898262,0.0,20.86997296950121,6.7467191156029465,7627603000,10131281142.004057,-6162904000,-15961314000,key-metrics
NFLX,2024-12-31,2024,FY,USD,382830284700.0,393020525700.0,10.077199772436407,53.389633456517025,56.77989098541339,14.935329626600918,0.38724340933195023,1.2180280603231866,0.8450041100225664,16.21398506360996,-4.1469271440844295,0.8741652457033189,0.9327305536394684,2344979000,36391197000,0.16243837866952038,0.20354382977040605,0.41135457546523,0.3520766023750739,0.20197690032492605,0.24297656716946348,0.022755856441260273,0.01808066466168997,0.05970877136356795,0.028120657709310767,0.011269925980807758,0.11844816869407798,0.07500570626891652,0.006989262778773223,0.6051134754346483,1915179000,823660500,0,18.60802524737464,15.61267899595712,0.0,18.60802524737464,2.995346251417521,8316286000,7550117409.540084,-7708895000,-15786428000,key-metrics
NFLX,2023-12-31,2023,FY,USD,215000919900.0,224857380900.0,6.667716412781348,30.91120107622712,32.466868334385204,10.454404642244906,0.45826128198269817,1.119345353136986,1.3451025242280403,11.334935065182485,-4.444189609371993,0.8714967032772236,0.8923500608210839,1057478000,34206978000,0.11097412147650357,0.14290012325489926,0.3167395028305131,0.262672808597771,0.14907062520936917,0.17441108132390945,0.025153334239292252,0.03221264822132512,0.04791553167788905,0.02394824817044816,0.010335644228380162,0.12982621479744402,0.07934449588366167,0.01006331023920941,0.6496359927170635,1714476000,709462500,0,19.937247238904312,13.837194416051478,0.0,19.937247238904312,6.100052822852835,6925749000,7578149689.079923,-11069743000,-18225546000,key-metrics
NFLX,2022-12-31,2022,FY,USD,131141440200.0,140347340200.0,4.439187051941213,69.26433330026744,86.71295164495146,6.902456637512845,0.4527576045882165,1.168390288506809,0.4510888875234755,10.304760286573204,-4.6253280878258956,0.8533405370779127,0.8817093264631438,1335499000,35470469000,0.09243637092783322,0.12090288467204742,0.28325819276071373,0.21619277598771858,0.11820645734161245,0.1385220228097752,0.03425251387471037,0.01234185012404645,0.20122274716385927,0.028387821495147122,0.012896470249608183,0.12979034051281726,0.08575023999266183,0.018201549553937855,0.6736674409063955,1195609000,754498000,0,18.320660877321444,12.786863561346255,0.0,18.320660877321444,5.533797315975189,918528000,2221167327.370867,-11959312000,-18550894000,key-metrics
NFLX,2021-12-31,2021,FY,USD,266956572000.0,279045338000.0,9.396148016670839,710.7443468072642,-2114.3802841447246,14.652278017036098,0.6347640909696667,0.950625199818211,0.07673817507742031,9.638620495039032,-4.987954778801999,0.8760509874568994,0.8840974712381976,-419141000,31823851000,0.11475309345727251,0.1477256871166146,0.37440040792897306,0.3228057255460953,0.1462301818663893,0.17161350285049212,0.01916501984450115,-0.000494368799431542,1.3361478311810702,0.04217335158056912,0.0176640768939321,0.13121380124429236,0.07656734273370147,0.013577416596302412,0.6935016868917457,707569500,746833000,0,9.885458351791463,17.636121020617523,0.0,9.885458351791463,-7.75066266882606,-631975000,538747157.0167513,-15070291000,-20665590000,key-metrics
AMD,2025-12-27,2025,FY,USD,349143760000.0,348076760000.0,10.048695401137445,45.151998962251916,51.681775798069786,47.845602749140895,-0.14666666666666667,2.850026441036489,1.8058093230264698,48.26881232809458,3.2766317733990147,1.0405664906385022,0.9754155935378132,17492000000,61635000000,0.056352858591373525,0.05055011221194373,0.12352186921213848,0.06881061604152447,0.054049308654619946,0.05474944791095433,0.012416089005858217,0.019290048317059997,0.12634582954987678,0.32423435419440744,0.02811859464765149,0.11963393862409423,0.23358064609255463,0.04728773925344265,0.5437823362712217,6624000000,2459500000,6827000000,66.54276971044199,61.13598673300166,165.31137416366442,231.8541438741064,170.71815714110474,8226000000,6869238838.214114,21168000000,13020000000,key-metrics
AMD,2024-12-28,2024,FY,USD,202807800000.0,201232800000.0,7.8042582897033155,66.17323248931272,83.67268191268191,38.27173830353747,-0.299543552681628,2.6162615025408598,1.8531383302864106,28.45909634210218,0.9510802469135803,0.8115727002967359,0.9716482460355599,11768000000,57962000000,0.02370496634212579,0.027714771243736825,0.0644616411988844,0.028505419677598665,0.024892858674046302,0.03067237065138429,0.008091404768455651,0.011858518262118124,0.20914172969417955,0.20018885741265344,0.024665503199534613,0.10793096761683149,0.2503781268179174,0.05456660849331006,0.6322624447461936,6159000000,2022500000,5042500000,98.14019778941244,55.61638591117917,160.25344563552832,258.39364342494076,202.77725751376158,1655000000,2479664688.4272995,13799000000,7391000000,key-metrics
AMD,2023-12-30,2023,FY,USD,237919740000.0,236989740000.0,10.44928306878307,142.16541091781644,211.40922390722568,57.11972523499639,-0.22415039768618944,2.506802212587831,1.9519906323185012,20.304462120191676,-0.0035625774473358116,1.6811023622047243,0.8494983277591973,10079000000,57926000000,0.012580098696324666,0.005920348429483631,0.038364779874213835,0.015279467544550203,0.006473275541995577,0.006552715863781947,0.003589445751748047,0.004711672936428058,0.3275344931013797,0.1537595043649676,0.024074074074074074,0.1037037037037037,0.2589065255731922,0.06102292768959436,0.6720925093908816,4756500000,2274000000,4061000000,86.6633597883598,61.38093289689034,129.96031096563013,216.62367075398993,155.2427378570996,1121000000,1299196850.3937008,10267000000,4775000000,key-metrics
AMD,2022-12-31,2022,FY,USD,101105970000.0,99133970000.0,4.200413965509936,27.807565217391303,31.824709470304978,17.91361944344055,-0.35634260932417783,2.358140995446695,2.7007575757575757,25.83255622741559,-1.2770659833440103,1.1018363939899833,0.9418238993710691,8650000000,58918000000,0.01953240603728914,0.03160039500493756,0.06844697951775992,0.02410958904109589,0.020649883190929735,0.020649883190929735,0.013055608882442848,0.030809258840007174,0.12622720897615708,0.10558423275457532,0.019066988686920045,0.09897885682810051,0.21206728528452184,0.045803143934579044,0.7146345072506659,3418000000,1907000000,2863000000,63.84136265412482,70.0065394676104,105.89436836436374,169.73573101848856,99.72919155087817,3794000000,3211961602.6711187,6455000000,2189000000,key-metrics
AMD,2021-12-25,2021,FY,USD,177267819999.99997,175393819999.99997,10.672618960691247,49.813638170974144,54.4701304347826,42.10125300048007,-0.4498319731156985,2.024292452830189,1.1135357368753953,19.039482784171494,1.396949711459192,0.8604081632653061,0.9924385633270322,4343000000,6024000000,0.254609871970368,0.3412375473551284,0.2678072329973744,0.4217687074829932,0.3696583417255726,0.4460202958796919,0.01783741685321115,0.018164605397640702,0.08548707753479125,0.6501079913606912,0.018315686990385785,0.0881100158208592,0.17311670926128758,0.023061944748691738,0.0492793300587809,2392000000,894500000,1677000000,60.14482171108677,56.69194591416814,83.90064667842445,144.04546838951123,87.35352247534308,3220000000,3249253877.5510206,6885000000,3661000000,key-metrics
INTC,2025-12-27,2025,FY,USD,175787200000.0,208107200000.0,3.9374718559022193,21.460987934412707,-42.05035360678925,14.498202591612094,2.2516371743068135,2.017038796516231,372.96153846153845,,-8.024042421746293,-0.17148362235067438,0.5879909365558912,32113000000,164211000000,-0.0012628352780365986,-0.00011276886794765563,-0.001445235324366018,-0.002336346374287939,-2.10620024460733e-06,-0.0001278815038864857,-0.0015188819208679584,-0.0281533581512192,1.510364030112406,1.2511532547411583,0.2771082057782907,0.0871662914120296,0.26060961534823,0.0460522581499631,0.1262078522813805,3658500000,11219000000,11908000000,26.511929313378616,104.61540692615581,122.99350310342827,149.50543241680688,44.89002549065107,-8699000000,-4930781631.342325,99676000000,-21381000000,key-metrics
INTC,2024-12-28,2024,FY,USD,86884000000.0,128646000000.0,2.42266623980716,15.52195945945946,-8.217041389882473,106.93765586034912,34.714879467996674,1.3268659227275277,-0.43092601258254043,,-14.17838785046729,1.6731489741302408,1.1016116352201257,11658000000,147961000000,-0.09545766852431484,-0.0601870343789701,-0.11157577884724065,-0.18893925657298277,-0.07097017283710529,-0.07261579788457831,-0.21587403894848303,-0.18019428203121404,2.888996138996139,2.1042270849811056,0.45091429539933336,0.10370802809739929,0.31159488521873413,0.06421724637954088,0.14445886454436727,3440000000,10567000000,11662500000,23.90670608839758,128.17261438639667,124.5181228325316,148.42482892092917,20.2522145345325,-14969000000,-14242262979.482605,76648000000,-44129000000,key-metrics
INTC,2023-12-30,2023,FY,USD,210547500000.0,252746500000.0,4.660811757763517,22.033519309563246,-17.700574269906856,22.482342999466287,3.7536915139654865,1.5424018821516416,6.848358208955224,15.118317294217135,-11.565155131264916,2.216535433070866,0.46463414634146344,15216000000,144548000000,0.008816528511473493,0.0004977587475747642,0.010596516763702067,0.01599583293872526,0.0005608524957936063,0.0005687412471945156,0.008021942792006555,-0.0678184257709068,2.2447912126231366,2.681732972297438,0.4748469425389098,0.10389466696171719,0.2958987976691008,0.05954488456148115,0.16797861900486502,3767500000,9086500000,12175500000,22.898318211993804,96.28717286342528,124.89943721745547,147.79775542944927,51.510582566023984,-7255000000,-12349013123.359581,77785000000,-38338000000,key-metrics
INTC,2022-12-31,2022,FY,USD,108574440000.0,139481440000.0,2.212095029657119,9.037869500421175,-14.503633149630861,6.548731865345791,1.4511009906568384,1.5676255636759446,1.9250343021080205,32.91953707510193,-9.92386806231743,1.0316683831101956,0.9399806389157793,18252000000,132721000000,0.04400806137186098,0.01331777500720381,0.053968510512209245,0.07901560789958885,0.015129220657155266,0.015565396003948035,0.0738111106076163,-0.08857517478330995,1.623145208319834,1.9217491369390103,0.3972785231706157,0.11104767342278048,0.27798395026485234,0.049608272274558315,0.18456038615508805,6795000000,7671000000,12000000000,23.924651885685286,96.77724660108323,133.38012600862163,157.3047778943069,60.527531293223674,-4453000000,-9105100926.879505,69677000000,-28410000000,key-metrics
INTC,2021-12-25,2021,FY,USD,208267290000.0,241541290000.0,3.0565561095363436,8.200070953286257,26.46447792264709,7.130580681348527,0.9822872999940958,2.1323283082077054,1.482585061405275,50.87483154292233,-7.706639566395664,0.9154494770308252,0.982836699574314,31096000000,128574000000,0.11797679417597948,0.12103378880673847,0.14807748205674764,0.2082796070908157,0.12237526126196707,0.1380406402542854,0.09539664149852817,0.043823492397678,0.6901480173818577,1.7239654002713705,0.2572509617331444,0.08279763109941284,0.19222008503745697,0.02576432476209759,0.20327660534660286,8119500000,5664000000,9601500000,43.68046416278599,59.577238774177054,111.711210201937,155.391674364723,95.81443559054594,11601000000,9673523337.787403,61158000000,-14457000000,key-metrics
JPM,2025-12-31,2025,FY,USD,898574914000.0001,1497614914000.0,5.353500201969651,14.847421991335125,14.847421991335125,18.394601970128722,7.357767514984769,0.5237872854571897,1.7764529764001409,244.58315152526842,-819.1531896582637,0.7858392451270748,1.0,-1707004000000,-1606302000000,0.01289249474564397,0.017227684755320362,0.0130830773577541,0.1574007140531622,0.04229640849753886,0.08638569944511809,0.06348719412391697,0.11225218780145023,0.0,0.0,0.0,0.21454538955119842,0.0,0.0,0.014567108861217202,359279500000,169905500000,0,519.0203578258771,607.5564928926858,0.0,519.0203578258771,-88.5361350668087,267863000000,177799090419.45038,297980000000,-2184925000000,key-metrics
JPM,2024-12-31,2024,FY,USD,688902569000.0,970731569000.0,3.584826447898548,-23.106054674854803,-23.106054674854803,11.692884387911201,3.394753008347487,0.5252051764976678,-0.7185100306134665,234.3403335251378,-713.2322801767633,0.7787722592932965,1.0,-1526425000000,-1429642000000,0.014607473642292647,0.019060428343657385,0.014846934707614085,0.16960012530528662,0.051397338494954856,0.0952926707611001,0.08487557258623027,-0.0609839502572678,0.0,0.0,0.0,0.2080254367791897,0.0,0.0,0.016128653492268188,314284000000,157556500000,0,432.36868927467515,499.0968626120496,0.0,432.36868927467515,-66.72817333737447,-21263000000,36916568479.375595,280198000000,-1969566000000,key-metrics
JPM,2023-12-31,2023,FY,USD,499855860000.0,528776860000.0,2.2379910527229097,40.756656389702485,40.756656389702485,7.649685492737689,0.41839303281060125,0.4924067229369092,0.26182596060703905,205.74889783940404,-710.6842544068604,0.8042589106018309,1.0,-1583422000000,-1488884000000,0.012786316123293819,0.016340243698031703,0.01300232064344064,0.15112938349020064,0.0487155539388696,0.08150565599935443,0.09913257793956842,0.02595548244647967,0.0,0.0,0.0,0.2160890156725483,0.0,0.0,0.016612766756816662,309178500000,175326000000,0,475.49502059058807,652.4662538768032,0.0,475.49502059058807,-176.97123328621512,21577000000,78377138869.05148,263497000000,-2011467000000,key-metrics
JPM,2022-12-31,2022,FY,USD,397713780000.0,372984780000.0,2.424750234033701,3.481966597895798,3.481966597895798,7.008752466317154,-0.4646823383505271,0.4698015742544298,2.8431627561312243,167.84946883040502,-679.9000269741722,0.8160984274141143,1.0,-1619033000000,-1530440000000,0.010277861814098807,0.012461619233099979,0.010451376521408179,0.12888086148625535,0.043873224593506586,0.0754214540921767,0.09473144229500924,0.2693369085677645,0.0,0.0,0.0,0.296098138131891,0.0,0.0,0.01660209130863784,309599500000,178932000000,0,736.9049693155814,2123.5995313270846,0.0,736.9049693155814,-1386.6945620115032,131021000000,128416720660.22614,231473000000,-1938808000000,key-metrics
JPM,2021-12-31,2021,FY,USD,478454525000.0,286559525000.0,2.252153641207815,3.6698878771579326,3.6698878771579326,4.2457036921800455,-2.8431416125877855,0.534097960762624,1.615508751603426,187.18130724426598,-614.2655138176402,0.8114905476646184,1.0,-1457288000000,-1373527000000,0.012911215426356735,0.01671136160477554,0.01310974385902862,0.16433037429409744,0.05596700385356455,0.09674149967028434,0.10102109495150036,0.1632004629907095,0.0,0.0,0.0,0.32696993036671435,0.0,0.0,0.015143578303794215,199572000000,154731500000,0,885.3798786526037,-16838.772838832836,0.0,885.3798786526037,17724.15271748544,113334000000,82590207011.18163,237436000000,-1778843000000,key-metrics
V,2025-09-30,2025,FY,USD,662959960000.0,667976960000.0,16.699424,28.968166876273905,30.957823608471983,25.68845748567473,0.19293927623735724,1.0775507874914403,1.1496161132715126,67.35301032069528,-17.632981462409887,0.8290485244275441,0.9762337085905661,2718000000,54479000000,0.20133096449757595,0.24718499211900813,0.3849756247360946,0.5291091825160252,0.2835745893698251,0.37154492946623513,0.030255220843201452,0.03254646027189938,0.06426991630166096,1.2147540983606557,0.03705,0.109225,0.0,0.022425,0.47702931936121734,7166000000,517000000,0,66.767625,25.7893061744112,0.0,66.767625,40.978318825588794,25501000000,22065309580.887825,-9616000000,-23952000000,key-metrics
V,2024-09-30,2024,FY,USD,549075150000.0,557936150000.0,15.53014947391861,27.966724310776943,29.847330551543358,21.80204564104568,0.3462545426126373,1.2834408115548517,1.0104847287646255,66.02577887572107,-17.495117676514774,0.8255143000501756,0.9738974630451602,7516000000,57170000000,0.2088963189470009,0.2550672936598022,0.40555863683983484,0.504458696374275,0.2864665986658219,0.34701591316880903,0.03595682667481856,0.03404452013535852,0.06300751879699248,1.2156673114119922,0.03498858765239659,0.1055781328285921,0.0,0.023659745031453544,0.48491709959687235,5744500000,427000000,0,71.2708066581306,24.827463788696395,0.0,71.2708066581306,46.443342869434204,18693000000,19222154666.33216,-6693000000,-21341000000,key-metrics
V,2023-09-30,2023,FY,USD,479570850000.0,483747850000.0,14.814805684010658,23.3075331245483,24.560715373679933,21.38206550565771,0.18462694483734088,1.451727422287644,1.2015862907427777,58.84501178728527,-13.56474820143885,0.8210771497837144,0.970296573036299,10434000000,57960000000,0.19086398744737512,0.23863636363636365,0.37227897754213546,0.44595048150156197,0.2558214291398941,0.3115680776249611,0.03601761866885779,0.04107005252717091,0.05102384967477716,1.1230116648992576,0.032431935809879645,0.09849018466909626,0.0,0.02342816892781674,0.4873092520359341,4213000000,357500000,0,50.011025020671916,20.84285061671996,0.0,50.011025020671916,29.168174403951955,17446000000,20224773684.460712,-5368000000,-18234000000,key-metrics
V,2022-09-30,2022,FY,USD,379460400000.0,386221400000.0,13.17712043671102,20.490285956814684,21.601957603892835,19.770739697977987,0.34609674942411056,1.4484726418261162,1.2602126094805108,51.22964334590995,-13.311797752808989,0.8247132774591972,0.9711898896861947,9352000000,55427000000,0.1749336265072923,0.22343628449437936,0.350699899177003,0.42036480143897026,0.23192518294776937,0.2910066823412944,0.03941649774258394,0.04711690600652927,0.05146161600084885,1.126596980255517,0.03309450699419993,0.10354827703855339,0.0,0.020539065165472534,0.5011871206184723,3839000000,303000000,0,49.21460252473558,21.646607360893075,0.0,49.21460252473558,27.567995163842507,20097000000,18322695743.27305,-7271000000,-19715000000,key-metrics
V,2021-09-30,2021,FY,USD,474524547750.0,479014547750.0,19.87199949180668,31.458235223615944,32.98543917848781,27.561251308975834,0.2583429228998849,1.754050447931889,1.2368613435139306,47.89909847927184,-11.266248290734502,0.7664197223432734,0.969051640926641,11868000000,58205000000,0.14851138776298012,0.1929493636113909,0.31346437846921626,0.32751602862539575,0.1777172558822861,0.2353291540718019,0.02594386330143233,0.03060326398045653,0.046299336704537994,0.8768656716417911,0.02924704418170504,0.10470856668740926,0.0,0.022484961626218627,0.5262256321173518,3304000000,220000000,0,56.41941505911637,19.535211267605636,0.0,56.41941505911637,36.88420379151073,11522000000,14915173317.5621,-6033000000,-17700000000,key-metrics
COST,2025-08-31,2025,FY,USD,418819930200.0,412831930200.0,1.4999252645920758,30.958524949381328,52.6772910807707,30.81295194805195,-0.44693237796686075,1.0342783227336423,1.6464995678478824,164.1958610786527,-47.72852686464633,0.7486596413385099,0.9859642726941306,1272000000,36900000000,0.10504675806430692,0.1413326073640509,0.10641876355035806,0.27770539020710466,0.19437706123922252,0.25963341751894176,0.019337666180624373,0.01871209900698274,0.41229846269216347,2.266281945589448,0.01997565716569477,0.09070794048722002,0.0,0.003124602612313114,0.012892514818609839,2962000000,19602000000,18381500000,4.2476247570258145,30.100943781629606,27.564509808825857,31.81213456585167,1.7111907842220653,7541000000,7952293584.76613,28170000000,-9555000000,key-metrics
COST,2024-09-01,2024,FY,USD,396139975320.0,394505975320.0,1.5504080333892702,34.791954786136344,59.51213988836928,32.480320708052034,-0.13452988638234809,0.965655312429506,1.5391611239310439,140.9600628494455,-53.390408953085505,0.7563655030800821,0.9829447976586941,-1218000000,31425000000,0.1054975583909725,0.1337655321447866,0.10702093350959513,0.3118702904072475,0.20373814029876886,0.27017196729420667,0.0185969618290832,0.01673398397787329,0.4153805450216068,2.10549843540456,0.018510294632014555,0.08964327400345054,0.0,0.0032147390677256704,0.014234365826065788,2503000000,18452000000,17649000000,3.903137318090178,31.87951411687459,30.608995403808272,34.51213272189845,2.6326186050238647,5921000000,6756825770.0205345,22628000000,-11963000000,key-metrics
COST,2023-09-03,2023,FY,USD,241567539500.0,236751539500.0,0.9771411923727764,21.39063421575714,35.1003023721275,22.07679406005222,-0.4490861618798956,1.0683679242473871,1.7590591226954864,134.18954502378094,-42.04704700194208,0.741369152821963,0.9814964727651209,2296000000,32687000000,0.09119633591326783,0.12186842895764494,0.09252941176470589,0.2510974539069359,0.16484350833052197,0.2291378385247522,0.026046545877079646,0.027921797829132584,0.39058547162992413,2.0813673567645643,0.017842255148788642,0.08910809360683479,0.0,0.0031945189648768003,0.014407049888396093,2263000000,17665500000,17279000000,3.4422592760741257,30.017475280592326,28.588971051715543,32.03123032778967,2.013755047197346,6361000000,6863619064.451513,24064000000,-8057000000,key-metrics
COST,2022-08-28,2022,FY,USD,235605300059.99997,234441300059.99997,1.0329903859813,31.71554383928571,66.96409598971721,23.685724394827236,-0.11759951505354617,1.0218138633664604,1.2497041420118342,117.43046612974526,-49.21830447806947,0.7454081632653061,0.9802450612653163,698000000,29111000000,0.0910762709222953,0.1262699094252799,0.09250787519984803,0.2831121015405484,0.18236221514752732,0.24225938821188758,0.024804195824592014,0.014859597806621602,0.5263798701298701,2.0478947368421054,0.01714444336737841,0.08714981890603382,0.0,0.003190073759440239,0.01547548545958919,2022000000,17063000000,16061000000,3.6041003903874795,32.67356130443069,32.78157005145901,36.38567044184649,3.7121091374158013,2701000000,3620205357.1428576,19654000000,-10823000000,key-metrics
COST,2021-08-29,2021,FY,USD,202017567770.0,200892567770.0,1.0253335022890946,22.42605132507256,37.41016159590317,23.273003680491197,-0.13032900834105654,1.0021738392038313,1.7637330183106912,100.39239163011406,-46.39079282040403,0.7495508982035928,0.9750401401255291,64000000,27442000000,0.08448066410204495,0.11683968508325786,0.08592462932454695,0.28507173764518334,0.16653461834901348,0.22489690548831595,0.02478497318461206,0.02658184661501234,0.40053583389149366,2.0145985401459856,0.01831275615146303,0.09422290727763628,0.0,0.0033940866334233317,0.016805021259364245,1676500000,15225000000,13228500000,3.358844275222147,34.80976541445009,30.398133392702302,33.756977667924446,-1.0527877465256452,5250000000,5500016317.365269,17082000000,-11685000000,key-metrics
WMT,2026-01-31,2026,FY,USD,951094620000.0,1007462620000.0,1.4126680997191385,24.238244195837844,67.51072974602963,21.67938327128747,1.212971530632007,0.7897533242144247,1.866412213740458,27.7488185866619,-16.279155705874985,0.742916284909566,0.91325771662328,-22595000000,163096000000,0.07690713392443127,0.10935102503982651,0.08554191917415886,0.21977172570946726,0.11873647453784536,0.16831359093448608,0.02301874023848437,0.015690342144927705,0.6409719716107302,1.8758008871365204,0.0373575185476532,0.20744626403781463,0.0,0.0,0.10094215015386344,10573500000,60863500000,57643000000,5.717879362782422,42.991184079044444,40.1210601518505,45.83893951463292,2.847755435588475,16281000000,17038230581.28881,77445000000,-93614000000,key-metrics
WMT,2025-01-31,2025,FY,USD,789304560000.0,840381560000.0,1.2340676520040823,23.060164091869495,66.38084992101106,20.00432182813616,1.215829564389431,0.8226828460200447,1.8079575333630997,24.810548017658427,-14.723946026613605,0.7387585997187275,0.9060509005751283,-17126000000,151370000000,0.07451796812397679,0.11436766155776643,0.08376466937607475,0.2135519101666795,0.13057403657185435,0.17869081034346287,0.02462420842975999,0.01603943603214455,0.6526081826413852,1.8332690973560473,0.034924410963530765,0.20541421617216238,0.0,0.0,0.11038903777657645,9385500000,57739000000,55663500000,5.346483402718122,41.84262720492112,40.251400578013225,45.597883980731346,3.755256775810224,11404000000,14750094492.379036,68900000000,-83673000000,key-metrics
WMT,2024-01-31,2024,FY,USD,444881600640.0,496335600640.0,0.7658022767830279,13.892839966411017,32.82642861375661,13.641589727352683,1.4141930518909411,0.8318671211383434,2.195820528580209,21.180717283027064,-14.599217928222926,0.7099505675576712,0.8906281847458318,-15538000000,142913000000,0.0614542846841707,0.10900814372997361,0.06915723674237358,0.18496082803687053,0.12079907161451567,0.16884188418841883,0.03486545628698986,0.033986570760059745,0.5767788165481722,1.7384628364127226,0.031793249758919964,0.2020767598842816,0.0,0.0,0.11138316712823744,8364500000,55277000000,55734000000,4.9535814850530375,42.30688249527688,40.87709276087338,45.83067424592642,3.5237917506495364,16382000000,17118004851.702675,62458000000,-84951000000,key-metrics
WMT,2023-01-31,2023,FY,USD,391929120000.0,442227120000.0,0.723433793181294,15.333279705974133,36.90146194926569,14.697302004054638,1.6716407989630762,0.8205709451398078,2.554109103790294,17.37249461303019,-14.236814733235438,0.686412787964269,0.8888424571667363,-16543000000,130865000000,0.04802690822666398,0.08371153369381036,0.05431977044316189,0.15229551588802107,0.0860156582678522,0.13528566414347115,0.029801306930191864,0.030576957384539326,0.5844804271696543,1.5401553220648698,0.027576154650255445,0.20798672968105103,0.0,0.0,0.11584846852551635,8106500000,54501500000,56543500000,4.736785710195996,42.30093094770347,44.53160413265736,49.26838984285335,6.967458895149882,14302000000,13396163610.719322,55817000000,-83551000000,key-metrics
WMT,2022-01-31,2022,FY,USD,390321600000.0,432884600000.0,0.755794983535689,17.901848558785822,39.08664559819413,13.809002169197397,1.3577580706903152,0.9277972968333352,1.734648493543759,19.106733378325334,-12.385804680038204,0.7313329054343175,0.9036249395843403,-6309000000,135329000000,0.05584007187780773,0.10431964226831485,0.06334608934147494,0.16423432188629838,0.1188945668902784,0.16473098342022213,0.03503008800947731,0.02837403822898861,0.5419957818121666,1.229686620379058,0.022882424217028602,0.20569389301515137,0.0,0.0,0.1184921996242751,7398000000,52201000000,50730000000,5.276610901015095,47.01693473193473,48.08045454545454,53.35706544646964,6.340130714534908,5203000000,12561754385.964912,62877000000,-71899000000,key-metrics
